-- phpMyAdmin SQL Dump
-- version 5.2.1
-- https://www.phpmyadmin.net/
--
-- Host: 127.0.0.1
-- Generation Time: May 15, 2025 at 07:53 PM
-- Server version: 10.4.32-MariaDB
-- PHP Version: 8.2.12

SET SQL_MODE = "NO_AUTO_VALUE_ON_ZERO";
START TRANSACTION;
SET time_zone = "+00:00";


/*!40101 SET @OLD_CHARACTER_SET_CLIENT=@@CHARACTER_SET_CLIENT */;
/*!40101 SET @OLD_CHARACTER_SET_RESULTS=@@CHARACTER_SET_RESULTS */;
/*!40101 SET @OLD_COLLATION_CONNECTION=@@COLLATION_CONNECTION */;
/*!40101 SET NAMES utf8mb4 */;

--
-- Database: `kuliah`
--

-- --------------------------------------------------------

--
-- Table structure for table `krs`
--

CREATE TABLE `krs` (
  `id` int(11) NOT NULL,
  `mahasiswa_npm` char(13) NOT NULL,
  `matakuliah_kodemk` char(6) NOT NULL
) ENGINE=InnoDB DEFAULT CHARSET=utf8mb4 COLLATE=utf8mb4_general_ci;

--
-- Dumping data for table `krs`
--

INSERT INTO `krs` (`id`, `mahasiswa_npm`, `matakuliah_kodemk`) VALUES
(1, '2310631170003', '00901'),
(2, '231063117105', '00902'),
(5, '2310631170003', '00902'),
(6, '2310631170069', '00902'),
(11, '2310631170159', '00901');

-- --------------------------------------------------------

--
-- Table structure for table `mahasiswa`
--

CREATE TABLE `mahasiswa` (
  `npm` char(13) NOT NULL,
  `nama` varchar(50) NOT NULL,
  `jurusan` enum('Teknik Informatika','Sistem Operasi') NOT NULL,
  `alamat` text DEFAULT NULL
) ENGINE=InnoDB DEFAULT CHARSET=utf8mb4 COLLATE=utf8mb4_general_ci;

--
-- Dumping data for table `mahasiswa`
--

INSERT INTO `mahasiswa` (`npm`, `nama`, `jurusan`, `alamat`) VALUES
('2310631170003', 'Afifah Fadilah', 'Teknik Informatika', 'Subang'),
('2310631170069', 'Delia Nur Ilmi Salam', 'Teknik Informatika', 'Garut'),
('2310631170159', 'Zahra Fadhilatusyifa', 'Sistem Operasi', 'Cikarang'),
('231063117105', 'Nabiilah Nur Fauziyyah', 'Sistem Operasi', 'bekasi');

-- --------------------------------------------------------

--
-- Table structure for table `matakuliah`
--

CREATE TABLE `matakuliah` (
  `kodemk` char(6) NOT NULL,
  `nama` varchar(50) NOT NULL,
  `jumlah_sks` int(3) NOT NULL
) ENGINE=InnoDB DEFAULT CHARSET=utf8mb4 COLLATE=utf8mb4_general_ci;

--
-- Dumping data for table `matakuliah`
--

INSERT INTO `matakuliah` (`kodemk`, `nama`, `jumlah_sks`) VALUES
('00900', 'Sistem Operasi', 3),
('00901', 'Pemrograman WEB', 3),
('00902', 'Kecerdasan Buatan', 3),
('00903', 'Embedded Intellegent System', 3),
('00904', 'Rekayasa Perangkat Lunak', 3),
('00905', 'Statistika dan Probabilitas', 3),
('00906', 'Analisis Desain Algoritma', 3);

--
-- Indexes for dumped tables
--

--
-- Indexes for table `krs`
--
ALTER TABLE `krs`
  ADD PRIMARY KEY (`id`),
  ADD KEY `mahasiswa_npm` (`mahasiswa_npm`),
  ADD KEY `matakuliah_kodemk` (`matakuliah_kodemk`);

--
-- Indexes for table `mahasiswa`
--
ALTER TABLE `mahasiswa`
  ADD PRIMARY KEY (`npm`);

--
-- Indexes for table `matakuliah`
--
ALTER TABLE `matakuliah`
  ADD PRIMARY KEY (`kodemk`);

--
-- AUTO_INCREMENT for dumped tables
--

--
-- AUTO_INCREMENT for table `krs`
--
ALTER TABLE `krs`
  MODIFY `id` int(11) NOT NULL AUTO_INCREMENT, AUTO_INCREMENT=13;

--
-- Constraints for dumped tables
--

--
-- Constraints for table `krs`
--
ALTER TABLE `krs`
  ADD CONSTRAINT `krs_ibfk_1` FOREIGN KEY (`mahasiswa_npm`) REFERENCES `mahasiswa` (`npm`) ON DELETE CASCADE,
  ADD CONSTRAINT `krs_ibfk_2` FOREIGN KEY (`matakuliah_kodemk`) REFERENCES `matakuliah` (`kodemk`) ON DELETE CASCADE;
COMMIT;

/*!40101 SET CHARACTER_SET_CLIENT=@OLD_CHARACTER_SET_CLIENT */;
/*!40101 SET CHARACTER_SET_RESULTS=@OLD_CHARACTER_SET_RESULTS */;
/*!40101 SET COLLATION_CONNECTION=@OLD_COLLATION_CONNECTION */;
